cluster,center_median,n,band_mean,band_p90,band_max,cluster_rank
0,0.7876971709781981,20,0.20957873859537463,0.2783162293321944,0.2996347614273366,1
1,0.3187794279071632,32,0.3727305590698372,0.40751348233366064,0.43069528769440973,2
