cluster,center_median,n,band_mean,band_p90,band_max,cluster_rank
0,0.7877143192417606,20,0.20957585317481267,0.27832098982666265,0.2996375718244534,1
1,0.31879556277452936,32,0.3727301223445171,0.4075728393396307,0.43061023381888347,2
