k,ari_mean,ari_std,frag_min_over_req,n_valid,score
2,0.9382414372167801,0.12380951148899931,4.0,40,0.9597768488647279
