encoder,Score,Family R,"rho(dxi, |d ln wage|)","rho(dxi, d RLE)",Radial spread,Aspect ratio,"rho(dxi, dxi_ref)",kNN same-fam,PC1+PC2 var
openai-3-large,0.5725268454085671,0.7929624355847675,0.2818178833297294,0.4095201829281807,0.40290343989579547,1.5411657688543576,1.0,0.2962414578587699,0.06717642050800678
st-gtr-t5-large,0.5230170591446209,0.7613866252485447,0.2267311140519771,0.40371144914943896,0.35011952406426144,1.7496333592868631,0.8371503332041857,0.2517084282460137,0.07044465565273401
qwen3-embedding-4b,0.5229838573158448,0.7650762470876589,0.2249102540133661,0.37963311302305625,0.36115790756964916,1.769382749895003,0.8081051619350511,0.2728929384965831,0.10796941978776356
bge-m3,0.5009965171526072,0.7763113374394659,0.23110078562895262,0.34828466520810897,0.32414464016695055,1.6637488094753758,0.8503169642245496,0.257744874715262,0.09543411839230749
st-minilm-l6-v2,0.46871387334043046,0.7558589150093826,0.14983007146210914,0.2696212621392857,0.34977262237547224,1.6635228201459291,0.751268806645364,0.2682232346241457,0.09273476163681604
mistral-embed-norm,0.4168538448092042,0.7075747750004097,0.15363827442744582,0.3225864901137585,0.2418079198476013,2.2974481244435037,0.6964397990644642,0.2069476082004555,0.09411587364341217
tfidf-svd-768,0.2903930605512256,0.6456965140406731,0.1407981434933924,0.2424756329222946,0.06630097587427125,1.8350090935750774,0.5362772328636437,0.1725512528473804,0.02008964576571569
