metric,spearman_rho,spearman_p
gini,-0.0962936249093897,0.004292089198463421
participation,0.10154843968726132,0.002591120798602059
top5_share,-0.04534969336726542,0.17942223560299406
mean_level,-0.019461207279515124,0.5646899986232644
