metric,spearman_rho,spearman_p
gini,-0.09563137219116036,0.004566459368542791
participation,0.09615425274067498,0.004348559085949806
top5_share,-0.09537682872007051,0.004676067782250945
mean_level,0.06298980529446468,0.06209050070836392
