sector,n,beta_chi_A,beta_chi_B,delta_skill_intensity,delta_ability_intensity
E,125,-0.833559,-1.209211,0.154735,-0.011460
NE,101,0.103254,0.008619,0.073383,0.003494
N,92,0.647755,0.243801,0.072671,0.042929
NW,44,0.211646,0.239904,-0.001308,-0.038952
W,200,-0.020662,-0.134589,0.012987,0.050908
SW,67,-0.098074,0.079050,-0.093483,0.071389
S,78,-0.833950,-0.713555,-0.029839,0.070864
SE,78,-1.129796,-1.102137,-0.021575,0.016014
