sector,n,beta_chi_A,p_chi_A,beta_chi_B,p_chi_B,delta_S1,p_S1,delta_S2,p_S2,delta_A1,p_A1,delta_A2,p_A2
E,125,-0.833559,0.000199,-1.276798,0.000000,0.474681,0.000488,-0.003496,0.970814,0.542625,0.002936,-0.066723,0.320275
NE,101,0.103254,0.737153,-0.340757,0.309707,0.570963,0.000429,0.079497,0.167179,-0.258886,0.237677,-0.173080,0.023705
N,92,0.647755,0.003718,0.088866,0.740545,0.667108,0.000005,0.059791,0.145567,-0.273326,0.185243,-0.212805,0.019576
NW,44,0.211646,0.466477,0.149742,0.629449,-0.033668,0.915315,-0.030607,0.724516,0.439381,0.307745,0.020229,0.903586
W,200,-0.020662,0.862867,-0.065879,0.620669,0.052304,0.726167,0.033305,0.419880,0.124848,0.474533,0.183572,0.000630
SW,67,-0.098074,0.785266,0.257498,0.405140,0.313989,0.114844,-0.091590,0.118892,-0.022586,0.916906,0.234284,0.006195
S,78,-0.833950,0.000375,-0.726527,0.003244,0.143669,0.387256,-0.039610,0.697393,-0.047538,0.763947,0.085896,0.236358
SE,78,-1.129796,0.000024,-0.812130,0.001650,0.010827,0.950302,0.072396,0.421583,0.504604,0.020186,-0.022492,0.748453
