sector,center_deg,n_occupations,beta_chi_unconditional,se_chi_unconditional,p_chi_unconditional,r2_unconditional,beta_chi_conditional,se_chi_conditional,p_chi_conditional,beta_rle,r2_conditional
E,0,125,-0.151310,0.306298,0.621310,0.001869,-0.833559,0.224054,0.000199,0.124701,0.382962
NE,45,101,0.811505,0.245007,0.000926,0.105846,0.103254,0.307647,0.737153,0.083806,0.235695
N,90,92,0.929818,0.224026,0.000033,0.161065,0.647755,0.223274,0.003718,0.079546,0.265089
NW,135,44,0.275222,0.299485,0.358104,0.023068,0.211646,0.290634,0.466477,0.122516,0.216084
W,180,200,-0.280291,0.112921,0.013058,0.034328,-0.020662,0.119624,0.862867,0.104632,0.118307
SW,225,67,-0.802694,0.382493,0.035854,0.164824,-0.098074,0.359954,0.785266,0.143031,0.462550
S,270,78,-1.044321,0.174203,0.000000,0.268980,-0.833950,0.234469,0.000375,0.055246,0.307121
SE,315,78,-1.177184,0.373450,0.001621,0.147362,-1.129796,0.267609,0.000024,0.127743,0.462287
