sample,outcome,rho_track_absbeta,p_track_absbeta,n_sectors
same_sector,wage,0.9047619047619048,0.002008275505429469,8
same_sector,education,0.4047619047619048,0.3198886412288163,8
dxi30,wage,0.7857142857142858,0.020815127253525273,8
dxi30,education,0.4047619047619048,0.3198886412288163,8
