metric,display_name,rho_global,p_global,n_global,rho_partial_xi,p_partial_xi,n_partial,frac_sectors_positive,median_sector_rho,n_sectors
norm_v_minus_global,Distance from global mean profile,0.5030437376406597,1.6921414068427575e-57,878,0.49537088385218025,0.0,878,1.0,0.5100924774555555,8.0
gini_resid_abs,Gini on |residual|,0.04205533472240396,0.21316121183904327,878,0.031691596110899396,0.349,878,0.375,-0.01288567182237633,8.0
participation_resid_abs,Participation on |residual|,-0.04931066580315375,0.14430816889068682,878,-0.03681801917692379,0.279,878,0.5,0.011955602429324245,8.0
