metric,display_name,rho_global,p_global,n_global,rho_partial_xi,p_partial_xi,n_partial,frac_sectors_positive,median_sector_rho,n_sectors
norm_v_minus_global,Distance from global mean profile,0.3453701291578961,5.340342850095758e-26,878,0.2813156820393324,0.0,878,0.875,0.33358548259831833,8.0
gini_resid_abs,Gini on |residual|,0.059607203628101686,0.07751697099286849,878,-0.01612086876857924,0.641,878,0.5,-0.007616712572635824,8.0
participation_resid_abs,Participation on |residual|,-0.06596690762898978,0.050699592386677435,878,0.0034283506939792674,0.921,878,0.5,0.0006836519410592379,8.0
