metric,group,rho,p,n
norm_v,(i) intensification,-0.021605318992284083,0.5225944833580566,878
norm_v_minus_global,(i) intensification,0.5029993605209175,1.737176178652649e-57,878
gini_v,(ii) focusing (raw),-0.0962936249093897,0.004292089198463421,878
gini_resid_abs,(ii) focusing (resid),0.04203643499821494,0.21336713780004976,878
participation_v,(ii) focusing (raw),0.10154843968726132,0.002591120798602059,878
participation_resid_abs,(ii) focusing (resid),-0.049328838614873964,0.1441601614370047,878
dist_to_xi_centroid,(iii) rare blend,-0.34927606033724534,1.3672682831799946e-26,878
cos_dist_to_xi_centroid,(iii) rare blend,-0.35322182986579986,3.385148864607716e-27,878
mean_level,baseline,-0.019461207279515124,0.5646899986232644,878
