median_R2_xi,median_R2_chi_of_total,median_R2_residual,frac_descriptors_R2_xi_above_0.3,frac_descriptors_R2_xi_above_0.5,n_descriptors
0.5460537517704992,0.006916703450359026,0.4399711950145563,0.8857142857142857,0.5714285714285714,35
