metric,group,rho,p,n
norm_v,(i) intensification,0.07603125897365685,0.024262971325575443,878
norm_v_minus_global,(i) intensification,0.345324067728775,5.426218266708102e-26,878
gini_v,(ii) focusing (raw),-0.09563137219116036,0.004566459368542791,878
gini_resid_abs,(ii) focusing (resid),0.059573233767364196,0.07768641692606473,878
participation_v,(ii) focusing (raw),0.09615425274067498,0.004348559085949806,878
participation_resid_abs,(ii) focusing (resid),-0.06595236937961363,0.050750652161865556,878
dist_to_xi_centroid,(iii) rare blend,-0.39268980830334205,9.460146960342503e-34,878
cos_dist_to_xi_centroid,(iii) rare blend,-0.4054947260328515,4.4617034313156776e-36,878
mean_level,baseline,0.06298980529446468,0.06209050070836392,878
