metric,display_name,rho_global,p_global,n_global,rho_partial_xi,p_partial_xi,n_partial,frac_sectors_positive,median_sector_rho,n_sectors
norm_v_minus_global,Distance from global mean profile,0.345324067728775,5.426218266708102e-26,878,0.28126299593209564,0.0,878,0.875,0.3334953173705384,8.0
gini_resid_abs,Gini on |residual|,0.059573233767364196,0.07768641692606473,878,-0.016086182931824615,0.642,878,0.5,-0.007362144565013938,8.0
participation_resid_abs,Participation on |residual|,-0.06595236937961363,0.050750652161865556,878,0.003421624827804792,0.922,878,0.5,0.000529381793129096,8.0
