k,ari_mean,ari_std,frag_min_over_req,n_valid,score
2,1.0,0.0,1.6,40,1.0094000725849148
3,0.6615360773814396,0.1876847550691456,1.2,40,0.6557982707638614
