cluster,center_median,n,band_mean,band_p90,band_max,cluster_rank
0,0.7219951424839937,27,0.3377350968042477,0.44132568332255767,0.4633326201782918,1
1,0.26421504750552155,8,0.25152969100885103,0.34413491118368,0.37045539100460445,2
