cluster,center_median,n,band_mean,band_p90,band_max,cluster_rank
0,0.7219968099815197,27,0.33773242304962114,0.4413244171395302,0.46332418349822974,1
1,0.264204860183601,8,0.2515294808653765,0.3441317780536754,0.3704550421499998,2
